chickengeorgememories,0.000000000000013171074797746235
rivarlyclub,0.000000000000013171074797746235
catholicyouthwork,0.000000000000013171074797746235
thebeecharmer,0.000000000000013171074797746235
louisfollowilarryshoe,0.000000000000013171074797746235
maybedidntthinkthatonethrough,0.000000000000013171074797746235
lindensinceday1,0.000000000000013171074797746235
wcsto100millionviews,0.000000000000013171074797746235
exadirectioners17,0.000000000000013171074797746235
notohitandrun,0.000000000000013171074797746235
